rule,roi_threshold,coverage,retained_accuracy,error_capture,retained_n
ROI-only,0.5,0.7307692307692307,0.868421052631579,0.5454545454545454,76
ROI+latent,0.5,0.5576923076923077,0.9310344827586207,0.8181818181818182,58
ROI-only,0.6,0.7211538461538461,0.88,0.5909090909090909,75
ROI+latent,0.6,0.5576923076923077,0.9310344827586207,0.8181818181818182,58
ROI-only,0.7,0.6730769230769231,0.8857142857142857,0.6363636363636364,70
ROI+latent,0.7,0.5192307692307693,0.9444444444444444,0.8636363636363636,54
ROI-only,0.75,0.625,0.8923076923076924,0.6818181818181818,65
ROI+latent,0.75,0.4807692307692308,0.94,0.8636363636363636,50
ROI-only,0.8,0.5480769230769231,0.8947368421052632,0.7272727272727273,57
ROI+latent,0.8,0.4326923076923077,0.9333333333333333,0.8636363636363636,45
ROI-only,0.85,0.4519230769230769,0.9148936170212766,0.8181818181818182,47
ROI+latent,0.85,0.375,0.9230769230769231,0.8636363636363636,39
ROI-only,0.9,0.3269230769230769,0.9117647058823529,0.8636363636363636,34
ROI+latent,0.9,0.28846153846153844,0.9333333333333333,0.9090909090909091,30
