replicate,accuracy,balanced_accuracy,macro_f1,macro_auc,MCC
0,0.625,0.5022727272727272,0.4518329874866377,0.7285621306585461,0.3171535141005862
1,0.7884615384615384,0.6285563751317176,0.5960992907801418,0.746860870150241,0.5811936742774122
2,0.7788461538461539,0.583939393939394,0.5802264943960149,0.8013857737900373,0.5328867053058195
3,0.6346153846153846,0.5283333333333333,0.4883528784648188,0.7512487466268278,0.33884672488048656
4,0.75,0.5201836451836452,0.5157824164673479,0.7883428787719803,0.47151567006319806
5,0.6442307692307693,0.4807692307692307,0.4555065581184984,0.7500645473057439,0.3443541746896545
6,0.7019230769230769,0.4967282717282718,0.45826535880227154,0.7263323339765647,0.34943437205643674
7,0.7307692307692307,0.5428108314263921,0.5499573742540494,0.7875839094218924,0.4798251351990965
8,0.7115384615384616,0.4947222222222222,0.49613161819537654,0.8024178104204477,0.3722148124662285
9,0.7403846153846154,0.612046908315565,0.5688231123714995,0.8221077681593963,0.5370508132032726
10,0.7115384615384616,0.5293956043956044,0.5190884055610666,0.7589067610793814,0.4456276628974297
11,0.75,0.5466485507246377,0.5466230936819172,0.7676072020536682,0.5297404291342523
12,0.7019230769230769,0.5415886929971437,0.505371497257907,0.797635091598086,0.4432045343447652
13,0.7307692307692307,0.5844275210084033,0.5582190331047329,0.8151974042982287,0.5299372841913734
14,0.7307692307692307,0.5712025316455696,0.5248589453930392,0.7985071235973522,0.4415254031504195
15,0.8076923076923077,0.6107142857142858,0.6076456142778085,0.821783563612711,0.6246725893351274
16,0.75,0.5559369438087973,0.5375984355543084,0.8536680454971549,0.5372747772467127
17,0.7403846153846154,0.5791666666666666,0.5440217391304348,0.8409294394841269,0.49709512361485003
18,0.6538461538461539,0.4668731231231231,0.4250603467193329,0.7412146503334729,0.2608805485540441
19,0.7019230769230769,0.5886612021857923,0.575834034202411,0.735712830707202,0.5204980788621973
20,0.7403846153846154,0.5478340152997687,0.5183525394793,0.8261248984656597,0.4785471504824141
21,0.7019230769230769,0.4928355957767723,0.4887050023375409,0.7708698915611146,0.4360510897727775
22,0.6634615384615384,0.4696061643835616,0.45381234777083546,0.7520845474485124,0.3209090952020751
23,0.7019230769230769,0.5657196969696969,0.5669801462904911,0.7746608409829387,0.519598284959426
24,0.7019230769230769,0.6001602564102564,0.5404160412057226,0.7717913156078506,0.4787355064430957
25,0.7115384615384616,0.49136008918617613,0.4729153199741435,0.7450460204933822,0.45228140341640005
26,0.7019230769230769,0.5249305555555556,0.48095878136200715,0.7619240456401584,0.38916262107251154
27,0.75,0.5479120879120879,0.5065270935960591,0.8323165703819292,0.4868262150033123
28,0.7307692307692307,0.5253030303030303,0.5035195353987301,0.7293548712170638,0.41124456496831086
29,0.7403846153846154,0.5802090843547224,0.5476596955470194,0.6801121077824953,0.47496567191503264
30,0.7115384615384616,0.5721830985915493,0.524400871459695,0.7986537924402701,0.461895089041152
31,0.7211538461538461,0.5216820850382494,0.5298116898997309,0.7304902044241417,0.45215982305108365
32,0.7884615384615384,0.6086711711711712,0.5656465517241379,0.8428223948216185,0.5673096443167789
33,0.6634615384615384,0.5597826086956521,0.4936866609634114,0.763448785505722,0.4010656985232281
34,0.7019230769230769,0.5607142857142857,0.5269794721407626,0.7535460992907801,0.41611157335805987
35,0.6923076923076923,0.5257393927470654,0.5211038961038961,0.764533500777709,0.44408190930754377
36,0.7211538461538461,0.6047441364605544,0.5526533287733698,0.8446352072530392,0.509598961294488
37,0.7788461538461539,0.5783333333333334,0.5609903381642513,0.7236783916799263,0.5480139229619977
38,0.7211538461538461,0.5594561688311689,0.5490140890375708,0.7637204101636667,0.48266392322740354
39,0.8173076923076923,0.6036776212832551,0.5695156695156696,0.8814475368960172,0.6622035145294591
40,0.7403846153846154,0.596711259754738,0.5673076923076923,0.8034300163815824,0.531125199708687
41,0.7211538461538461,0.5756493506493506,0.5093340567478498,0.7915032403410165,0.4981451144412427
42,0.7692307692307693,0.5956521739130435,0.5754604872251932,0.8124663848945053,0.5787160541080978
43,0.7884615384615384,0.5866603179254267,0.569185260311021,0.7659729459100729,0.5536512327678154
44,0.7115384615384616,0.5444444444444444,0.5152514919011083,0.7690932642153224,0.4465875519029169
45,0.6634615384615384,0.5446428571428572,0.4703435054154479,0.7246779057017544,0.35462974405355924
46,0.7019230769230769,0.5967032967032967,0.5166666666666666,0.8178742623362449,0.4509726731663923
47,0.7692307692307693,0.5869397759103642,0.5735714285714286,0.8093886736921836,0.5413951622412919
48,0.6538461538461539,0.5456349206349206,0.5271923516613195,0.7490171114319049,0.3788007811169341
49,0.7307692307692307,0.5484656457196503,0.5544973544973545,0.8295529497155255,0.49598302258606913
50,0.75,0.5912828947368421,0.5344624653380414,0.7866830339342675,0.4685707247007236
51,0.7596153846153846,0.6133116883116883,0.5538794538794539,0.8395056704251985,0.5483002122944434
52,0.7307692307692307,0.5818014705882353,0.5538231148696265,0.8079700753194536,0.5228949828768242
53,0.6730769230769231,0.5694444444444444,0.5219013282732448,0.7667207297601294,0.4449947310349703
54,0.7211538461538461,0.6044671474358975,0.5551800511704281,0.7976692377059296,0.5115117661121743
55,0.6826923076923077,0.5273809523809524,0.5259523615303042,0.7699226802867898,0.42937395996720573
56,0.8076923076923077,0.5773809523809523,0.5531241204615818,0.8561470670608969,0.6310106676732395
57,0.7692307692307693,0.5914048392921633,0.5657093332061129,0.8387001423527407,0.5599781812422486
58,0.7115384615384616,0.5288789428815004,0.5228980805623141,0.7732152999880613,0.45145201364856535
59,0.7403846153846154,0.5602732793522267,0.5081018518518519,0.8403186438409649,0.4742965113059241
60,0.625,0.50878915604943,0.4412666397741024,0.7538098442871745,0.31717368554829906
61,0.6923076923076923,0.48931623931623935,0.4588509316770186,0.8250232071524343,0.4085179080365205
62,0.7692307692307693,0.6061507936507937,0.5826577974870658,0.8560915584147243,0.5985144928727584
63,0.7211538461538461,0.5545804794520548,0.5216176868905742,0.738563002776885,0.4371404236840656
64,0.6826923076923077,0.49301643192488265,0.4872327672327672,0.7589970439344714,0.35474307053291526
65,0.6923076923076923,0.5523809523809524,0.5272154316271963,0.7886129844974071,0.4466545523048915
66,0.7788461538461539,0.6257211538461538,0.6083963963963964,0.7950498757114002,0.6202306973784127
67,0.7884615384615384,0.6014488935721812,0.5519571592502869,0.8348581986500649,0.5736028436329852
68,0.7307692307692307,0.5560019318580962,0.5188805245264692,0.8234638208901582,0.45927431463864526
69,0.7019230769230769,0.5605900948366702,0.5070197044334975,0.7374322129904071,0.41939419658419297
70,0.75,0.6062504746715273,0.5629471316085489,0.7899764640602771,0.5652934200598378
71,0.7884615384615384,0.6267382731423827,0.58125,0.7869333419135349,0.5710206717334995
72,0.7788461538461539,0.5701754385964912,0.5786239293741268,0.8216703044869115,0.5970036794990876
73,0.6442307692307693,0.4827380952380953,0.46747737556561086,0.7238405895499482,0.32866211275349866
74,0.7307692307692307,0.5299019607843137,0.5219352423731985,0.7639923514967591,0.488201408724741
75,0.7403846153846154,0.5295825179386823,0.5121253717684741,0.6947002212683074,0.4791995031968177
76,0.6923076923076923,0.4818693693693694,0.4604222123632062,0.7339955884061097,0.3469214992900285
77,0.7596153846153846,0.5708020050125313,0.5724433224433225,0.7849528896320663,0.5749795661510818
78,0.7307692307692307,0.5446428571428572,0.5318853895496232,0.7341649480653802,0.4966784925720327
79,0.7019230769230769,0.5927579365079365,0.5577023158990372,0.7819834970313347,0.4999668845810872
80,0.7307692307692307,0.5668652993348116,0.5017599849814615,0.8431960188360004,0.4419517786076471
81,0.6826923076923077,0.5957106274007682,0.52745324850588,0.8067028761031487,0.430818556322243
82,0.7884615384615384,0.5990867579908675,0.5693119783442364,0.7885103147839796,0.5690050370810202
83,0.7211538461538461,0.5869092039800995,0.5378560036454774,0.8344998687974081,0.4900720080626099
84,0.7307692307692307,0.542398302604624,0.5321428571428571,0.7676535383617054,0.4735282186131726
85,0.7307692307692307,0.5546085858585859,0.5614583333333334,0.8258955760172101,0.5230459240079863
86,0.6634615384615384,0.46463869463869467,0.460119940029985,0.7379456821854358,0.3503456280279832
87,0.7596153846153846,0.6030885780885781,0.5742382863911556,0.8125717759775894,0.5683071088398254
88,0.625,0.5213156408808582,0.46329566309282333,0.7605882798364372,0.3658609956586285
89,0.6923076923076923,0.5611979166666666,0.5372960372960374,0.7737551723073123,0.44479564333288446
90,0.75,0.637112887112887,0.5483616383616383,0.7734018138486717,0.5097420506046371
91,0.6634615384615384,0.5625377073906486,0.5231785063752277,0.7680747032336442,0.4524822199843395
92,0.75,0.6079963235294118,0.5960726351351351,0.8460214545115536,0.5597205997217943
93,0.7115384615384616,0.5165219575200919,0.5087991718426501,0.7613019755189765,0.44579367176752654
94,0.7211538461538461,0.5505952380952381,0.5277486789114696,0.7523284826977508,0.5080352748248969
95,0.7307692307692307,0.5757575757575757,0.5110440171619259,0.7984837174400478,0.44960007290183673
96,0.7115384615384616,0.5245443247721624,0.5039880723707078,0.6968743341284347,0.4476664377769331
97,0.7307692307692307,0.5892712550607287,0.5837769195978152,0.7963877722128789,0.5037473702138535
98,0.6923076923076923,0.5701177716849452,0.5440408873423228,0.7860467567839619,0.49016155388404586
99,0.7019230769230769,0.5412204754310017,0.5395939937924671,0.8170401706585155,0.46308667214729954
100,0.6538461538461539,0.5136497064579256,0.4671726809533805,0.7509063238657219,0.3323094454963836
101,0.7403846153846154,0.5575519681556833,0.5382852292020374,0.8104329922432756,0.5043404512717476
102,0.7596153846153846,0.6374579124579125,0.5476190476190477,0.8061845461235682,0.5470414079355249
103,0.7211538461538461,0.5246040723981901,0.5261904761904762,0.7733057502345434,0.4559492295408525
104,0.7211538461538461,0.5047123015873016,0.4997239475500345,0.7702358737055429,0.46167672531200793
105,0.7307692307692307,0.5557692307692308,0.5564835487931493,0.784612218396862,0.4783820285818789
106,0.75,0.615205223880597,0.5772005772005772,0.795587525663823,0.5459508274446128
107,0.8076923076923077,0.5979166666666667,0.5735466721900028,0.8472442281649544,0.6113508212572869
108,0.7692307692307693,0.5726495726495726,0.540266106442577,0.7715657780622374,0.4626287467172887
109,0.75,0.5652777777777778,0.5567321867321867,0.7746479954689547,0.465338739105589
110,0.6730769230769231,0.567924126172208,0.5117521367521367,0.7985008887502656,0.4213270110977135
111,0.8076923076923077,0.6465686274509804,0.6211099925591981,0.8288200205175704,0.6420650568574154
112,0.75,0.5623083890746934,0.552524496240112,0.7852437716592413,0.5100609270443904
113,0.7596153846153846,0.5540152680790627,0.5504180833831921,0.7382922017321212,0.5266168444058031
114,0.6826923076923077,0.5514567669172933,0.5246336996336997,0.7578701101981759,0.384344911272143
115,0.6826923076923077,0.5089285714285714,0.4759157509157509,0.8025145418627062,0.37792824276016
116,0.6923076923076923,0.4877858627858628,0.45858358358358353,0.7162406612424337,0.3436771705547909
117,0.625,0.5249410840534171,0.4758528291136987,0.7781587835236002,0.3169826625966964
118,0.7403846153846154,0.5380252100840336,0.5476062278458294,0.8303470367808423,0.49994008276979096
119,0.75,0.6440242763772175,0.5575266524520255,0.7989526010035192,0.5524310263053195
120,0.7692307692307693,0.50999000999001,0.5047889610389611,0.7879461123018109,0.45972419617470794
121,0.7692307692307693,0.5728801169590644,0.5463654098986386,0.7634325103489059,0.5146699887504603
122,0.7403846153846154,0.5797619047619047,0.5586820586820587,0.8431810313502317,0.516513771161199
123,0.7692307692307693,0.561038961038961,0.5751794258373205,0.7439306157362355,0.4788143268178123
124,0.75,0.5714285714285714,0.5361141403126136,0.8013060462756725,0.5530247050118056
125,0.7211538461538461,0.5930622009569377,0.511254529831509,0.8108747124046531,0.4534119983794572
126,0.7692307692307693,0.5982142857142857,0.5956066860935729,0.7667421112466726,0.5364944208965177
127,0.8173076923076923,0.5753521126760563,0.5791933760683761,0.830217413258971,0.6219031217126536
128,0.6057692307692307,0.5268759018759019,0.49349662162162167,0.7155540333117726,0.3083265673009567
129,0.75,0.5973684210526315,0.5526473526473527,0.7644272227002686,0.5028049042348789
130,0.7307692307692307,0.6103286384976525,0.5528323344346122,0.8414077586969769,0.5091468638937815
131,0.6826923076923077,0.4929144385026738,0.49106826515057883,0.6972253869875571,0.40722770820712284
132,0.7307692307692307,0.5373927696078431,0.5287037037037037,0.7948065512861237,0.4993295415063008
133,0.75,0.5802795031055901,0.5607210626185959,0.8255245771977575,0.5257526332141995
134,0.7403846153846154,0.5436117936117937,0.5211541153415453,0.8324876393602023,0.4922474764568889
135,0.7307692307692307,0.5838907469342252,0.5435147849462366,0.8028558697579131,0.5145367207657405
136,0.6634615384615384,0.5489130434782609,0.5178006686545586,0.7645717273910908,0.43040522907593254
137,0.7788461538461539,0.5880325814536341,0.5731770833333334,0.8281734304567122,0.607805774747381
138,0.7115384615384616,0.5508879781420766,0.5282608695652173,0.8046618787400851,0.5186897505358151
139,0.7692307692307693,0.593936468936469,0.5694326241134752,0.8258672948189077,0.5465015606552202
140,0.6923076923076923,0.5012870012870012,0.506129913766521,0.7336977622031969,0.3967226133908081
141,0.7788461538461539,0.631578947368421,0.5925531914893617,0.801532190491812,0.5741688089571529
142,0.7980769230769231,0.516025641025641,0.5265897244973938,0.7249425091327925,0.496437157963145
143,0.75,0.57421875,0.5734638694638694,0.7579329679425064,0.568221186048929
144,0.7980769230769231,0.5838235294117647,0.5043843624406285,0.7852169201013739,0.48743623492290894
145,0.7115384615384616,0.5555555555555556,0.5437322106261859,0.7986748213909113,0.49991368461329405
146,0.7019230769230769,0.5742753623188406,0.5326086956521738,0.7721364063524101,0.4296685389939939
147,0.7115384615384616,0.575,0.5445664414414415,0.790397527362988,0.49295577188660544
148,0.7019230769230769,0.5125405844155845,0.5072843822843823,0.6771162574097118,0.39910908592333283
149,0.7019230769230769,0.5534420289855073,0.5203703703703704,0.8114696735135877,0.4459142661853753
150,0.6923076923076923,0.6137519561815337,0.542660628481524,0.790016119676476,0.44348139802440584
151,0.7596153846153846,0.6346073517126148,0.5659301998311286,0.7815204142269078,0.5745743553129833
152,0.6730769230769231,0.5284090909090909,0.4834656084656085,0.7737906137365018,0.39816971298995885
153,0.75,0.590311004784689,0.5615351163296368,0.8111460082259903,0.48013105232309966
154,0.7211538461538461,0.583245521601686,0.5525724874645738,0.8150499780161545,0.4640656729341131
155,0.6923076923076923,0.48504273504273504,0.4795829170829171,0.7841728398536368,0.37501656329697874
156,0.7307692307692307,0.6254804478609626,0.5808146264325654,0.7999971286286977,0.5343667267956204
157,0.7403846153846154,0.5697174447174447,0.5330707762557078,0.7785451713627116,0.4561074591126263
158,0.6826923076923077,0.5408841940532081,0.4919104609929078,0.7552253034456845,0.3697071893952486
159,0.7307692307692307,0.5651960784313725,0.5490555881777256,0.7752597293599087,0.5186736001453167
160,0.7211538461538461,0.5913043478260869,0.567120987210052,0.7267903183180975,0.494380337506515
161,0.7307692307692307,0.5690045248868778,0.5558553157474021,0.8222036516045483,0.4799875292566999
162,0.75,0.577098880597015,0.5652367571012645,0.8455248035118547,0.5474220307376059
163,0.7403846153846154,0.5555555555555556,0.5333333333333333,0.7843339316516851,0.4678495126303892
164,0.7307692307692307,0.5600414078674949,0.543859649122807,0.823591278734712,0.5080857458768966
165,0.6442307692307693,0.47046788827610747,0.4772409212742238,0.7612868701625725,0.30011035497890254
166,0.7307692307692307,0.5821702278840786,0.575091575091575,0.7808206855038395,0.5510561777905078
167,0.7788461538461539,0.6142191142191142,0.565649457275073,0.7945198677921342,0.5403283536418717
168,0.7596153846153846,0.5716666666666667,0.5582125603864734,0.8086262202467838,0.5549934413936668
169,0.7884615384615384,0.6168831168831169,0.6130952380952381,0.8188250096786682,0.6265539801527203
170,0.7115384615384616,0.513961038961039,0.48616651804571265,0.7844444266409656,0.37302326043808076
171,0.75,0.5722222222222222,0.5290508149568552,0.72738316680839,0.4521206820659764
172,0.6346153846153846,0.47263071895424835,0.44485294117647056,0.7759383174934601,0.3078817252473248
173,0.6730769230769231,0.5300677583286278,0.4957559681697613,0.7688946610453727,0.39223120848163484
174,0.7403846153846154,0.5504730810234542,0.5328042328042327,0.7827418991403955,0.512266687036088
175,0.7884615384615384,0.6214657738095238,0.6085907335907336,0.8061150332225913,0.6128002597845921
176,0.7596153846153846,0.6019144144144144,0.572109158186864,0.8288519193280818,0.5294421939425956
177,0.7403846153846154,0.5648893360160966,0.5345113829360915,0.7993919204743513,0.4975084618454747
178,0.7788461538461539,0.5537802840434419,0.525893635571055,0.7302826194273562,0.5225017533073585
179,0.6346153846153846,0.5161657559198543,0.4786795366795367,0.7843753479655838,0.37684835067462286
180,0.7884615384615384,0.577922077922078,0.5630885009030705,0.8457167682974135,0.5265036757169465
181,0.6634615384615384,0.5261029411764706,0.5018580453363062,0.7923922954598507,0.34548879567004076
182,0.6826923076923077,0.569078947368421,0.49533730158730155,0.7826637117590171,0.3595646140669785
183,0.6730769230769231,0.5108974358974359,0.4622584541062802,0.8020752106807882,0.3476273767721093
184,0.7211538461538461,0.5362676056338028,0.5152027027027027,0.7585122335569408,0.40729658717677086
185,0.7403846153846154,0.5541958041958042,0.5357392575642004,0.7838155511093086,0.41366145226906964
186,0.6923076923076923,0.5400342039800995,0.5102507059125524,0.796730764460462,0.4535535392627351
187,0.6538461538461539,0.5167876241405653,0.5012555862949564,0.7825480890101009,0.4114923299169283
188,0.6346153846153846,0.5189393939393939,0.4950205378594125,0.7273293175396334,0.35322619340726336
189,0.7884615384615384,0.5760989010989012,0.5716414944356121,0.8246168549035612,0.6000101964459362
190,0.7596153846153846,0.5646014943960149,0.5402777777777779,0.8120276176593644,0.5048686169533391
191,0.75,0.5627327010888655,0.5488629785826511,0.8269912246342874,0.5172353782532391
192,0.6923076923076923,0.5416666666666666,0.5487923047835129,0.767774200259814,0.45536091934853995
193,0.7307692307692307,0.5891191364605544,0.5688745256166983,0.7974176149295639,0.5290408268669625
194,0.7019230769230769,0.5382352941176471,0.5181818181818182,0.7360601503669262,0.415145497520682
195,0.7307692307692307,0.587474645030426,0.5680670339761249,0.7927603293941264,0.5549497697530361
196,0.6730769230769231,0.5040827228327229,0.48290196645459804,0.7761434428952457,0.41511044671189995
197,0.7884615384615384,0.6433823529411764,0.5949248120300752,0.8218043378574942,0.6112804945020082
198,0.7307692307692307,0.5519722814498934,0.5408396117067517,0.7802044820603344,0.49278817742689307
199,0.6346153846153846,0.5329365079365079,0.47842685461281287,0.7381144371358462,0.3181705691586417
200,0.7884615384615384,0.6345034246575343,0.5877040017885089,0.8438183932027767,0.576354009336356
201,0.7115384615384616,0.5074675324675325,0.48486957121825547,0.7461987799698775,0.41596229246517563
202,0.7403846153846154,0.6317439409905163,0.5437003968253968,0.7902452938095208,0.5307115968558663
203,0.6826923076923077,0.5150966183574879,0.4698457223001402,0.8170074781835398,0.38743789513108334
204,0.7211538461538461,0.5666666666666667,0.5374795751633987,0.8201321702400106,0.4741873210405444
205,0.6923076923076923,0.503743961352657,0.48833992094861667,0.8019281383861379,0.40454873655008666
206,0.75,0.5607894199346405,0.5597477185908319,0.7937096701796135,0.5567790323337976
207,0.7692307692307693,0.5632239382239382,0.5450222469410456,0.7981004230337818,0.5205284035368365
208,0.6538461538461539,0.50875,0.46507024265644953,0.7535603306184464,0.28838084282283843
209,0.7019230769230769,0.5413011695906432,0.4788328912466844,0.7788904773044969,0.38808853657549364
210,0.7211538461538461,0.5403990746096009,0.542257011697601,0.8347643339490888,0.4869936908858643
211,0.6538461538461539,0.4853286384976526,0.4597975553857907,0.7101083734555039,0.31797792347739423
212,0.6826923076923077,0.5507878950667024,0.5348861283643892,0.7138993530317899,0.39361746959964167
213,0.7403846153846154,0.5959941884599419,0.5629548535084976,0.8317844310469462,0.5023859382387488
214,0.7307692307692307,0.5558035714285714,0.5396556677337274,0.7898513274424195,0.5153778316474878
215,0.6442307692307693,0.45774253731343284,0.44741920749114994,0.7767955917952236,0.30849986552472425
216,0.7115384615384616,0.5469771241830066,0.5201743714517437,0.8483637384752719,0.44938807981077256
217,0.7596153846153846,0.5266124429223744,0.5157271241830065,0.8144141746293871,0.503174348979036
218,0.6826923076923077,0.5514957264957265,0.5090056285178236,0.7740411014211886,0.4665675077683647
219,0.7307692307692307,0.5586677814938685,0.532764073371284,0.8177545426235256,0.49110082196115035
220,0.7307692307692307,0.6208791208791209,0.5584239130434783,0.8294818059415632,0.48749679424446873
221,0.7115384615384616,0.5878623188405797,0.5249927790385807,0.8426883198870744,0.4870333184177949
222,0.7596153846153846,0.5644596651445967,0.5475198412698413,0.7572902118203422,0.5063193322499584
223,0.75,0.5803336259877085,0.5618244981986619,0.7978549563022778,0.5361996823081785
224,0.7596153846153846,0.61484375,0.6153846153846154,0.7629417782738095,0.5678983781567004
225,0.7884615384615384,0.564327485380117,0.5772585198628756,0.7818900769306254,0.5175802930340847
226,0.7019230769230769,0.5471830985915492,0.5128985507246377,0.786243191793005,0.42908320634003566
227,0.7019230769230769,0.49815724815724816,0.4591831557584982,0.7597900474475576,0.3761500338998422
228,0.6730769230769231,0.5690298507462687,0.5507518796992481,0.7336021349558899,0.3973453527645851
229,0.75,0.5942226890756303,0.6099466562581317,0.7679936103685724,0.5811651785260787
230,0.6730769230769231,0.5226573426573426,0.4854454056581716,0.7967160954805346,0.35942189088809917
231,0.7019230769230769,0.6024426719840479,0.5482734141270726,0.7719329573217854,0.5188077727819628
232,0.7403846153846154,0.4994843391902215,0.4904761904761905,0.8038424116739424,0.4853243688309253
233,0.7692307692307693,0.6023809523809525,0.5502001143510578,0.8095949124330584,0.4313376469596297
234,0.6923076923076923,0.56640625,0.521782397169394,0.8120489716929319,0.49425878129305617
235,0.7211538461538461,0.5741510741510741,0.5139123952288845,0.8165957862677878,0.4526466368697323
236,0.7019230769230769,0.5708333333333333,0.5243535875888817,0.7596822605372849,0.44091096495173504
237,0.7692307692307693,0.5240817740817741,0.5181208053691275,0.7507836235470015,0.4943725861431391
238,0.7115384615384616,0.5113122171945701,0.5181055155875299,0.825320261495743,0.43895243376302334
239,0.7403846153846154,0.5798611111111112,0.5500333223916525,0.7374125804423977,0.484567005038042
240,0.6923076923076923,0.4988095238095238,0.48555617044825683,0.8050430775918138,0.4041755431491339
241,0.7115384615384616,0.6089743589743589,0.5719170177159674,0.7985926149573053,0.5097340989529165
242,0.7884615384615384,0.5855278731210793,0.5866788321167883,0.7789324535942683,0.595693696458971
243,0.7788461538461539,0.5536536069651741,0.560604860707812,0.8371660401048286,0.5662136695884565
244,0.7211538461538461,0.566468253968254,0.5258870564717641,0.7511414314367051,0.4654943761206542
245,0.875,0.6525974025974026,0.6440364468123159,0.851337349480936,0.7282776722390638
246,0.6730769230769231,0.48014047356152617,0.47563676633444074,0.7437341521643056,0.4185901783227344
247,0.7307692307692307,0.525106742572496,0.5099168946995034,0.7750896102894083,0.4528504375051785
248,0.7596153846153846,0.5803763440860216,0.5711233211233211,0.832674259444948,0.5825473893542679
249,0.7019230769230769,0.5353535353535354,0.49502859251060694,0.7333186061401205,0.42372875457113096
250,0.6923076923076923,0.5399122807017545,0.5336381176075833,0.8253459579250302,0.44493674687871965
251,0.6826923076923077,0.5449346405228759,0.5002117382386025,0.7920030601946839,0.4533652394343746
252,0.7307692307692307,0.5610294117647059,0.5685064935064935,0.7693789418192727,0.5000205151294296
253,0.7211538461538461,0.5410408432147562,0.5322806403639226,0.8090428388240085,0.44296321520609455
254,0.6923076923076923,0.5483193277310925,0.5292763907888737,0.7772005223196907,0.4568790345225915
255,0.7596153846153846,0.5948879551820728,0.5641379909628085,0.8392933233268638,0.5466605769814867
256,0.7115384615384616,0.5771921641791045,0.5297830860084797,0.7564747926223397,0.49912827598234244
257,0.7115384615384616,0.5229360766045549,0.5041069295101553,0.8099090183668989,0.4581207087066539
258,0.6634615384615384,0.5172820109976434,0.48061104582843717,0.7610432621494617,0.3489463971360843
259,0.7788461538461539,0.5438311688311689,0.564935064935065,0.7721022470075766,0.4839925148321498
260,0.7211538461538461,0.5175061425061425,0.4895385304659498,0.7912923613650307,0.4289911497588847
261,0.75,0.5709109730848861,0.5625661375661376,0.7619736769147567,0.50940641979688
262,0.7403846153846154,0.6190381558028617,0.5644164759725401,0.8248623320068871,0.5066113051658063
263,0.7211538461538461,0.5248168498168498,0.4932008416255501,0.8277640886952952,0.45956921276208973
264,0.7884615384615384,0.6424632352941176,0.6417050691244239,0.74931884635832,0.5863306063837996
265,0.7884615384615384,0.6145703611457036,0.5846640316205534,0.8188921818842825,0.5988600905241154
266,0.7692307692307693,0.5323955669224212,0.5445139758030872,0.7770091938505703,0.5393929403339448
267,0.7019230769230769,0.5843197601010102,0.5518295218295218,0.774463933662156,0.4683745729893737
268,0.7980769230769231,0.6200623700623701,0.5750852595680181,0.8471350356851952,0.5810809043657319
269,0.7788461538461539,0.5989726419413919,0.58212987012987,0.8153326394558278,0.6154523545372997
270,0.75,0.5952876984126984,0.5984879032258064,0.8004072602109951,0.5700174447255602
271,0.75,0.5972373188405797,0.5783012541077057,0.7797532935432911,0.5554595910598535
272,0.7211538461538461,0.5557072829131653,0.5366165413533834,0.8139724450386214,0.489026231486869
273,0.7788461538461539,0.5416244939271255,0.5102298850574712,0.8094529643260189,0.5109149126021806
274,0.6634615384615384,0.49856156501726123,0.4677579365079365,0.7721067132609974,0.3312992422058815
275,0.6923076923076923,0.5756087981146897,0.5368819776714513,0.7544698778809115,0.4380265311262149
276,0.6442307692307693,0.5054590017825312,0.47868706719071685,0.7586018570211214,0.32697208671091976
277,0.7019230769230769,0.5195741758241759,0.5242202963676242,0.7167913058601316,0.4496858495686578
278,0.6923076923076923,0.5315934065934066,0.5094150641025641,0.7677161647418013,0.4577716253503161
279,0.7788461538461539,0.6372727272727272,0.582780831806319,0.8157161052958226,0.54728394935072
280,0.7788461538461539,0.5553968253968254,0.5478615830915872,0.8129557498311697,0.603910844785609
281,0.6346153846153846,0.49831511839708564,0.49216589861751153,0.7199260851965316,0.37744837329506964
282,0.6923076923076923,0.4933333333333333,0.4728635682158921,0.798150504627027,0.36139695551623335
283,0.7019230769230769,0.5407657657657657,0.49061866125760645,0.8083445334909596,0.4498492383816561
284,0.7019230769230769,0.5358664772727273,0.5176049233252623,0.8213619867696402,0.5144878401058905
285,0.7115384615384616,0.6007042253521127,0.5463528296214066,0.7450441894613703,0.4239779588316093
286,0.6923076923076923,0.5197222222222222,0.5004365079365078,0.7868809612463505,0.37440576026050526
287,0.7115384615384616,0.5098455598455599,0.49982584465343083,0.7829338674323477,0.4023584069480056
288,0.8076923076923077,0.6435944570135747,0.6239306176909191,0.7826455755394331,0.6333310112284407
289,0.6538461538461539,0.48916040100250624,0.45953914851552646,0.7823477058813473,0.3952038405678145
290,0.6923076923076923,0.5058293269230769,0.4896004378762999,0.7140664901839998,0.46178304962936967
291,0.7403846153846154,0.5440340909090908,0.5356831395348838,0.8142976959883788,0.5379413906168643
292,0.75,0.5741414835164835,0.5634802179578299,0.8069372055281089,0.538693636072498
293,0.7307692307692307,0.5614630467571644,0.5178662652800584,0.8368697215510479,0.4791093367030644
294,0.7980769230769231,0.6266666666666666,0.5818868631368631,0.8760868406648806,0.5953541183036823
295,0.7596153846153846,0.557518115942029,0.5155959752321981,0.8346668224602276,0.547349177424292
296,0.75,0.5763888888888888,0.5436578585707146,0.7886646523215033,0.5194538849138961
297,0.7115384615384616,0.5682544757033248,0.5528963291649859,0.7826297685490988,0.46329102997118515
298,0.8269230769230769,0.6234407484407485,0.6070774463631606,0.7467725872533566,0.6288281898060918
299,0.6634615384615384,0.5170454545454546,0.49487721580744837,0.7976642084040747,0.40653346968911114
300,0.8269230769230769,0.6329715061058344,0.621031746031746,0.8016522879039907,0.6701634757790064
301,0.6634615384615384,0.5286404416839199,0.4916795665634675,0.7671594066688461,0.3708762905733134
302,0.7019230769230769,0.5455486542443064,0.523963133640553,0.8069171430924148,0.4697796328963004
303,0.6923076923076923,0.5283500283500284,0.4904401681044017,0.7877646356776098,0.425001340876087
304,0.7307692307692307,0.5667735042735043,0.5456737588652482,0.7781191055208169,0.4657774823634534
305,0.6538461538461539,0.5128787878787879,0.4826704545454546,0.8137761611912696,0.3577074339139657
306,0.7596153846153846,0.5256944444444445,0.5455485301609182,0.776078062372692,0.46860793615088203
307,0.75,0.587059620596206,0.5287250384024578,0.7773957507723255,0.41986965763316264
308,0.7307692307692307,0.5344911937377691,0.5035982478097623,0.7694565638149573,0.46090362012275493
309,0.6923076923076923,0.5296415441176471,0.511394458975104,0.8135708944137999,0.4715997853729438
310,0.7211538461538461,0.5538095238095238,0.5285790598290598,0.7177824836775681,0.4337459424202972
311,0.7403846153846154,0.5688725490196078,0.5588502506265663,0.799690545693933,0.5227808192924298
312,0.6730769230769231,0.5380449054621849,0.5017958603896104,0.7899893454716278,0.42448977917639125
313,0.7211538461538461,0.5486301369863014,0.5283683610296515,0.7855069693441621,0.42525950085303277
314,0.6730769230769231,0.5354395604395604,0.499633431085044,0.747501609226175,0.4090351553057242
315,0.7019230769230769,0.5441576086956521,0.5067341912523211,0.7465749792176422,0.4610674640878124
316,0.75,0.6006944444444444,0.55175983436853,0.7398234166254329,0.5227816943477256
317,0.7211538461538461,0.5812629399585921,0.5317349607672188,0.7532946560809636,0.5047577961500838
318,0.6923076923076923,0.6047455032529659,0.5543019868701361,0.8106692313158843,0.4920961217756057
319,0.7884615384615384,0.526047542304593,0.526047542304593,0.7866148594647355,0.5497835497835498
320,0.75,0.4910453216374269,0.48674242424242425,0.800477210670951,0.4835928392154026
321,0.7307692307692307,0.5418567918567919,0.5181216632829536,0.7935724004272391,0.4532705423313084
322,0.7115384615384616,0.5317439409905164,0.490831043956044,0.8021360089821301,0.4351437614707431
323,0.7115384615384616,0.5487394957983194,0.5554887218045113,0.7698063994277997,0.47038937030628447
324,0.6634615384615384,0.5317460317460317,0.44599686028257457,0.7580995783730159,0.2904145289798253
325,0.7115384615384616,0.5795454545454546,0.5431141589350544,0.7816274792382305,0.4646978414195547
326,0.7211538461538461,0.5539473684210526,0.4946149560973022,0.7634405717307453,0.39640099314181904
327,0.7403846153846154,0.5302083333333333,0.47785714285714287,0.7970609359190376,0.43725143711412046
328,0.7211538461538461,0.5161808300395258,0.49651534526854224,0.8053515883514568,0.47250992431986316
329,0.6923076923076923,0.48955479452054795,0.46510334903192047,0.7556346442398169,0.34725774940499776
330,0.7596153846153846,0.5931372549019607,0.5783245932499663,0.8151468266649978,0.5526047459028668
331,0.7307692307692307,0.5702054794520548,0.5384182908545727,0.7739799021835541,0.48876383082461294
332,0.7403846153846154,0.5217071660733632,0.5223308240246074,0.7954102892928152,0.4783337177453067
333,0.7692307692307693,0.5505952380952381,0.5404510218463707,0.7914695269283818,0.5844189384798558
334,0.7596153846153846,0.5507703081232493,0.5062313785335368,0.7841704849913806,0.5369618055163025
335,0.7403846153846154,0.5567226890756303,0.5268613074975997,0.8345855465442731,0.5175345305827413
336,0.75,0.5060307017543859,0.48485128964581015,0.7798691508601048,0.4718618073202479
337,0.6826923076923077,0.5057442557442557,0.4489085128929707,0.7806408133529465,0.31261466478241157
338,0.7019230769230769,0.5773809523809523,0.5459607089272318,0.8069251897608561,0.4765016726162385
339,0.7115384615384616,0.5667016806722689,0.5270197044334975,0.7806414990238519,0.43922157819031316
340,0.7115384615384616,0.5497333548804137,0.5418905472636816,0.8032776151569316,0.467872482280923
341,0.6730769230769231,0.5574499030381384,0.5366161616161615,0.7964695764893728,0.4078952543062864
342,0.6442307692307693,0.4841346153846154,0.4504510724477584,0.7179349806521022,0.2992812065516202
343,0.6730769230769231,0.4996060277750418,0.4871935784705569,0.798745530830689,0.36716827434973603
344,0.6346153846153846,0.4482501067008109,0.4228575050709939,0.7608661852563012,0.3130670857625721
345,0.7019230769230769,0.5631221719457014,0.540625,0.7411159775285882,0.46821284459448265
346,0.6442307692307693,0.4488477209065444,0.4471804511278195,0.7582772259101145,0.3486178881046664
347,0.7211538461538461,0.5226190476190476,0.5301781551781551,0.7460151349942151,0.43598617689291064
348,0.6442307692307693,0.5365819209039548,0.5239127058092575,0.7737544283978892,0.4155002660480264
349,0.7307692307692307,0.5623664529914529,0.5330828681837699,0.8102505127150501,0.4855477235034312
350,0.7307692307692307,0.5314685314685315,0.49387242941791565,0.8097005324349255,0.40079161318517637
351,0.7307692307692307,0.5843444227005871,0.5665898617511521,0.7884230067363924,0.47498906813650055
352,0.7211538461538461,0.57421875,0.5431074089610675,0.8313116033287559,0.5303404869536346
353,0.6923076923076923,0.5338383838383838,0.5235667205571446,0.7157448972277477,0.45241741053044787
354,0.7115384615384616,0.5660888407367282,0.5276855438725943,0.7719224638240103,0.4420285102223777
355,0.7307692307692307,0.5745192307692307,0.5495411334198145,0.7583289328061016,0.4928959587644106
356,0.7596153846153846,0.6038804945054945,0.5657191294193784,0.8361447252549485,0.5836157916499441
357,0.6826923076923077,0.48848238482384826,0.45,0.8015894584484122,0.322526557148487
358,0.6634615384615384,0.5242914979757085,0.4554945054945055,0.7469122687665413,0.25757608152409045
359,0.6826923076923077,0.4995941558441559,0.4916037360890302,0.764957423941799,0.31385862643911483
360,0.7596153846153846,0.6066176470588236,0.5793532338308458,0.7970764847242988,0.5577087727330216
361,0.8076923076923077,0.5974532224532224,0.5721153846153846,0.779941168707353,0.6028739108791081
362,0.6730769230769231,0.5215919701213818,0.5144286484687848,0.7683420761774916,0.363270510930733
363,0.7115384615384616,0.575,0.5331354691819808,0.7658891496555189,0.49009745053301385
364,0.6923076923076923,0.5694444444444444,0.49335823993358235,0.7710996129185221,0.350855532283801
365,0.75,0.5824357912178957,0.5483664450043368,0.8032814287143212,0.4984163583433307
366,0.7596153846153846,0.6014891605321808,0.5775898078529658,0.7727777956144222,0.5562625784714289
367,0.6442307692307693,0.5158730158730158,0.48186366479049403,0.7715906140067221,0.40030144306546067
368,0.7307692307692307,0.543622737556561,0.5371341916734252,0.833893547556512,0.4849876747414628
369,0.7115384615384616,0.5662781662781663,0.5378787878787878,0.8142471796719685,0.46986640584651057
370,0.7403846153846154,0.5174107142857143,0.5383105128800186,0.7400326465813598,0.4962735562023097
371,0.6923076923076923,0.47857981220657275,0.47181763285024153,0.7593528764699237,0.3703968371814735
372,0.7211538461538461,0.5612676056338028,0.5583333333333333,0.7980163278540997,0.43031137615865794
373,0.6730769230769231,0.5770833333333334,0.5155356094287391,0.7492809143377035,0.4259751012577114
374,0.7115384615384616,0.5936147186147186,0.5598752980011003,0.7996606096792616,0.46529136290095263
375,0.7115384615384616,0.48925184404636457,0.47320520642668296,0.7832937456067601,0.3728870994312453
376,0.7403846153846154,0.56993006993007,0.5171428571428571,0.7343973920424813,0.4268669781244175
377,0.7211538461538461,0.4945090121146459,0.4764346951272854,0.8060534423946711,0.4414352777086695
378,0.7980769230769231,0.6461038961038961,0.5864661654135339,0.7657864410994013,0.5417890266445957
379,0.7403846153846154,0.5605654761904761,0.5584670231729055,0.7952604848593277,0.5332289632424239
380,0.75,0.5763888888888888,0.5621875570151432,0.770515652448397,0.5134369766332232
381,0.7307692307692307,0.5558582399335824,0.5304423837032533,0.8136718855751529,0.4555574891867713
382,0.7403846153846154,0.5548708920187793,0.5465890791977749,0.7260727704495836,0.500298323296942
383,0.6730769230769231,0.47435897435897434,0.4670922394021052,0.7523976374906639,0.3813464234219392
384,0.6730769230769231,0.50297695262484,0.4834897891963109,0.723338792058431,0.3336238646775582
385,0.7211538461538461,0.4885912698412699,0.49384199778779886,0.7892866000566894,0.41245747503350644
386,0.6923076923076923,0.5685401542649727,0.5627528209495423,0.7928959257970941,0.4869594738951262
387,0.6923076923076923,0.5376984126984127,0.5244003308519438,0.7805739278910265,0.4753985706555394
388,0.6826923076923077,0.5734741784037558,0.5110294117647058,0.7817794430928589,0.4063854400755382
389,0.7692307692307693,0.5013392857142858,0.4840399556048835,0.7347016704731041,0.41514782697385105
390,0.7115384615384616,0.5486244019138756,0.4890491452991453,0.7841580394249213,0.41659473663166985
391,0.7403846153846154,0.5648460410557185,0.5403830665458572,0.8344618419215193,0.5406529314473936
392,0.7596153846153846,0.5912162162162162,0.5453491436100132,0.8393569101015909,0.4741258051829077
393,0.7884615384615384,0.63125,0.5541952202706594,0.8616909842405013,0.5383321749153868
394,0.7692307692307693,0.5571428571428572,0.544761850673936,0.7910647592370281,0.5366922782393616
395,0.7403846153846154,0.5187214611872146,0.5229603729603729,0.7601614653593132,0.4722164335518319
396,0.6923076923076923,0.5126050420168067,0.4828828828828829,0.7682544892957183,0.4491888903195801
397,0.6923076923076923,0.5452214452214452,0.4923788105947027,0.8391964663308892,0.42170136625856725
398,0.7788461538461539,0.5722587719298246,0.5807692307692308,0.8603940843366842,0.6028601873284378
399,0.7596153846153846,0.5917582417582418,0.5765242378810596,0.8292887183747611,0.5370268638146364
400,0.75,0.5720996732026143,0.530697563306259,0.7980373648533068,0.5176748509851367
401,0.7596153846153846,0.6104946524064171,0.5647073170731707,0.8516039785904587,0.5975137634494616
402,0.6442307692307693,0.4880952380952381,0.46031045489398886,0.7968958890987786,0.343368850051336
403,0.7788461538461539,0.5857142857142857,0.5689717358515312,0.7452054894140155,0.5724890387221212
404,0.7884615384615384,0.6297591297591298,0.5823412698412699,0.7897745754021057,0.5566713299889993
405,0.6923076923076923,0.5503968253968254,0.502955999224656,0.8101468067084738,0.4347713768456176
406,0.7596153846153846,0.6243756243756244,0.5542692939244663,0.7514933464130751,0.51056061699874
407,0.6826923076923077,0.5334653092006033,0.5133442265795206,0.7486625552590415,0.40435738888592926
408,0.7307692307692307,0.5756493506493506,0.5371968382494698,0.7748922427703007,0.5065326940191662
409,0.7019230769230769,0.553698752228164,0.5430308170766186,0.7609372277063708,0.461215389005431
410,0.7692307692307693,0.6062156593406594,0.5298779181837653,0.8496522872077368,0.5324391668814817
411,0.7307692307692307,0.5831556503198294,0.5640205724508051,0.7978619329525081,0.5227501140206259
412,0.7788461538461539,0.4888157894736842,0.4936698186397418,0.8820617254011351,0.5030311002960695
413,0.7307692307692307,0.5452380952380953,0.5364185110663984,0.7768624527165708,0.4584579745864936
414,0.6923076923076923,0.5554171855541719,0.5073682837767345,0.7871294990512611,0.38662612383230255
415,0.7115384615384616,0.5266666666666667,0.5197492163009405,0.7282833894581516,0.40306235762718
416,0.7403846153846154,0.5868055555555556,0.5839041095890412,0.7575461647727272,0.45206605712170644
417,0.7884615384615384,0.554788961038961,0.5382352941176471,0.8247640091390092,0.5320278116312268
418,0.7115384615384616,0.5244314143567874,0.5162271805273834,0.7584353698390585,0.45552320374188504
419,0.7211538461538461,0.508355614973262,0.5077464788732394,0.8013435164847784,0.4404553231098632
420,0.7019230769230769,0.5380628906748309,0.5231971153846153,0.8153821007685947,0.4755727103405364
421,0.6153846153846154,0.4803082191780822,0.4624156545209177,0.7261675594637405,0.3112489300986382
422,0.7115384615384616,0.5200587084148728,0.5121581196581197,0.7730573097682096,0.4092278220211873
423,0.7596153846153846,0.5833333333333333,0.5373764166867615,0.7303649864180279,0.5154921324484024
424,0.7019230769230769,0.5518804112554112,0.5598169191919191,0.7625749239338877,0.4582284355062649
425,0.7788461538461539,0.6452054794520548,0.5460199004975124,0.8184172213991985,0.6065128087813139
426,0.7019230769230769,0.5332590295276862,0.512866999412801,0.7723164948527641,0.4580571163034794
427,0.7596153846153846,0.56845579793341,0.5638790964877921,0.794775966100593,0.5316480168376339
428,0.7211538461538461,0.5718905472636816,0.5340707782309562,0.7783173113553237,0.48043117359363546
429,0.6346153846153846,0.5237382168106834,0.47625821310031835,0.7725463401868422,0.3286850418112214
430,0.7211538461538461,0.582565087494665,0.5521212121212122,0.7705729336307414,0.48315407686688155
431,0.7403846153846154,0.6123737373737375,0.5630286979207842,0.7745152461340634,0.5009113730258915
432,0.7115384615384616,0.5738045738045738,0.5171717171717172,0.8328144675406285,0.47770973691701213
433,0.7884615384615384,0.6270242914979757,0.5724206349206349,0.8202456204987385,0.5721185046806848
434,0.6923076923076923,0.509709040959041,0.47491496598639454,0.7824644115423648,0.3545383190441559
435,0.7307692307692307,0.6093256059009484,0.5714208623387836,0.7583059391016731,0.46255334086924493
436,0.7980769230769231,0.5936344857577734,0.5642739854562515,0.8709964791748114,0.571523270361133
437,0.75,0.5505533199195172,0.5271062271062271,0.8550031324330968,0.5088543279832227
438,0.7115384615384616,0.5871794871794871,0.5511252813203301,0.8227775960064694,0.4913989788735363
439,0.6634615384615384,0.5398913230981542,0.5218673218673219,0.7790014716575275,0.4051573862556255
440,0.6923076923076923,0.5759557344064387,0.5374201787994892,0.7719091694936425,0.43014176687059935
441,0.7403846153846154,0.6001602564102564,0.5568941911065763,0.7892430499119691,0.5104890889480139
442,0.7115384615384616,0.4833333333333334,0.4835752979414951,0.7364833501184906,0.4255040853723359
443,0.75,0.5796969696969697,0.5590070921985816,0.7484691845356473,0.5121300670863426
444,0.7019230769230769,0.4985935302390998,0.4806578947368422,0.7519388664400867,0.32645299031744013
445,0.7788461538461539,0.6036832673080551,0.5988126743437523,0.7951331519217975,0.6207978037554052
446,0.7019230769230769,0.5527016742770168,0.482272595175821,0.7096483808633192,0.35883724827609886
447,0.7211538461538461,0.611111111111111,0.5526701603343939,0.7674974908535599,0.4686712207277983
448,0.7403846153846154,0.585,0.5184131930918063,0.7784928327041316,0.4176499237714621
449,0.6634615384615384,0.5760005482456141,0.5293699186991869,0.764913742748482,0.4465958338873014
450,0.75,0.5353881278538812,0.5017039000378645,0.8238217932190041,0.5152830598369139
451,0.7596153846153846,0.5679550438596491,0.5622195512820513,0.8269844514489342,0.5728154547703205
452,0.7211538461538461,0.5845238095238096,0.5595232724264982,0.7832764576829276,0.4354712333369507
453,0.7211538461538461,0.5698570398058889,0.5342032967032967,0.7067153558860194,0.5047382858577697
454,0.7403846153846154,0.5557359307359307,0.5091341341341341,0.8457978833226584,0.4464096284358678
455,0.7403846153846154,0.56875,0.5456075156887764,0.8092578187255957,0.534446535340784
456,0.7307692307692307,0.5771531100478469,0.5088848503205614,0.8066781593764044,0.4690196872288857
457,0.7115384615384616,0.5448996655518394,0.5191525423728813,0.8130173201378552,0.5330007815457467
458,0.6730769230769231,0.5694622279129321,0.5263347763347763,0.723970067246442,0.41815141896248437
459,0.7019230769230769,0.547975352112676,0.5284565580618212,0.769625155780844,0.3907012419457353
460,0.7115384615384616,0.5142857142857142,0.49791280148423006,0.7730313776058456,0.38542728205922633
461,0.7596153846153846,0.5563988095238095,0.5461899390931648,0.796615838158386,0.5100138915195545
462,0.625,0.5314445828144458,0.46794871794871795,0.7493572960105508,0.3554186149350439
463,0.6442307692307693,0.5743639921722113,0.47359943977591035,0.743445981681415,0.3071515481877632
464,0.7596153846153846,0.6240808823529411,0.5849236641221374,0.785175827165517,0.5714318153368487
465,0.7307692307692307,0.6088744588744588,0.559010101010101,0.8499238285533377,0.5441786070381048
466,0.7403846153846154,0.5684463562753037,0.532657818372104,0.7674449478649004,0.45267315771102995
467,0.75,0.5839912280701754,0.5755707762557078,0.7777190701247636,0.48082180627987986
468,0.7019230769230769,0.5520043336944745,0.5333827356853673,0.8009961046623328,0.4624203657362314
469,0.6153846153846154,0.4918402777777778,0.46911764705882353,0.7790836176293588,0.36959513946778805
470,0.7211538461538461,0.5682692307692307,0.5201353224097172,0.8197236245679265,0.4591127597235106
471,0.6923076923076923,0.5466507177033493,0.524433713784021,0.8020070995773676,0.4306189556701805
472,0.6442307692307693,0.4771756021756022,0.46453120310959317,0.7515272974212277,0.3780811695541514
473,0.7596153846153846,0.6195652173913043,0.5907407407407407,0.8159219743055703,0.5511303793254322
474,0.7403846153846154,0.5475757575757576,0.5195800059154096,0.7909403912143497,0.44927176809842834
475,0.7884615384615384,0.5921052631578947,0.5631431767337808,0.8628009417483101,0.5367636918338057
476,0.6538461538461539,0.5421850079744817,0.5197734835139416,0.771695397423281,0.3724488100829573
477,0.7115384615384616,0.5392512077294686,0.5128787878787879,0.7133145728266312,0.47293915954694954
478,0.7115384615384616,0.5761727078891258,0.5483630952380952,0.8333092482043566,0.49575610145580257
479,0.6923076923076923,0.5139554794520548,0.5117410146497716,0.7287840128400261,0.3914435183429565
480,0.7788461538461539,0.5859375,0.5789032258064516,0.838444674744898,0.6175928249911857
481,0.6634615384615384,0.49408973252804145,0.4893043552665355,0.8075279586379998,0.4244543404666382
482,0.7019230769230769,0.5566526610644258,0.5325027685492801,0.7724600451111368,0.4747979516587563
483,0.7115384615384616,0.5171461449942463,0.48888806942498214,0.7595041473394448,0.38037898252494523
484,0.75,0.5211323763955342,0.5021929824561404,0.7973544225698761,0.4296602487068662
485,0.75,0.5594349680170576,0.5538649540138004,0.84138359125594,0.5172747033713837
486,0.6346153846153846,0.4461336336336336,0.4120670995670995,0.7597905328096977,0.22553282627869137
487,0.7403846153846154,0.5288211788211788,0.50629453818879,0.7610575921623385,0.4519711879176974
488,0.625,0.5176229508196721,0.47728571428571426,0.72405067476221,0.3559931134071349
489,0.7211538461538461,0.5731884057971015,0.5563021519543259,0.741680545712949,0.4799125245085105
490,0.7115384615384616,0.559375,0.5350428281068526,0.8153545423804154,0.51679232217607
491,0.8076923076923077,0.6401848591549295,0.6247502497502497,0.816421480351,0.6107965108956663
492,0.7692307692307693,0.6010794243070363,0.5786139865190179,0.8258421891736872,0.5709186208206977
493,0.7307692307692307,0.5985576923076923,0.5931570208728653,0.8541008499579327,0.5451560893590813
494,0.7019230769230769,0.5706105169340463,0.5249624060150376,0.8033691353504177,0.45552880962560677
495,0.6826923076923077,0.5423351158645275,0.5016826923076924,0.7632654687189333,0.43181430784244024
496,0.7307692307692307,0.5857142857142857,0.5271428571428571,0.7484954714386073,0.4770477900159625
497,0.6826923076923077,0.5854978354978355,0.5170183564933951,0.772353407851304,0.4533858066211464
498,0.6923076923076923,0.5456501831501832,0.5240822644847413,0.7781387887017871,0.43983059271510344
499,0.7596153846153846,0.5618153364632238,0.539576816127911,0.8018442627134112,0.5381974148050982
500,0.7211538461538461,0.551937441643324,0.5380577427821522,0.777115797580756,0.5114104847810983
501,0.7788461538461539,0.6056985294117647,0.5990287162162162,0.833412470937763,0.6153527253930088
502,0.7788461538461539,0.6122222222222222,0.6134346805092078,0.8124972064081752,0.5432210630282758
503,0.6923076923076923,0.4975694444444444,0.4918988608374384,0.8374618215033611,0.45095223622778957
504,0.8173076923076923,0.6227012260127931,0.6121751510193808,0.8210796209059164,0.6514960452942433
505,0.75,0.5612279511533242,0.5662345610326026,0.8212279702681842,0.5330706038199535
506,0.6923076923076923,0.59171826625387,0.5368783716396935,0.7690232490164959,0.4578299923718429
507,0.6634615384615384,0.570887445887446,0.5265348517455762,0.7963011372725818,0.43950459858439606
508,0.7980769230769231,0.6115867579908676,0.5820522070522071,0.8476427645163588,0.5901693936665932
509,0.7692307692307693,0.5625,0.5729529443569804,0.7945383082616071,0.5613260647108943
510,0.7788461538461539,0.6345615671641791,0.6019157088122605,0.7999332034799979,0.5863560439063895
511,0.7692307692307693,0.5761904761904763,0.5727832512315271,0.7648657760686841,0.5438756855575868
512,0.7115384615384616,0.5654761904761905,0.5315855689832371,0.7775389594243496,0.4393895207072647
513,0.7307692307692307,0.5481367947121372,0.5283333333333333,0.7731997626634937,0.44856713345268456
514,0.75,0.5654761904761905,0.5580358238252975,0.7799123633274232,0.49260198268965816
515,0.7307692307692307,0.5428422928422928,0.5420730082600587,0.7842947769166353,0.48593860567748853
516,0.6923076923076923,0.5956457925636007,0.5506493506493506,0.7550091802847264,0.43747685753950644
517,0.6923076923076923,0.5763962065331928,0.5004032258064517,0.8062204473742131,0.4021587001461578
518,0.75,0.5828587326525267,0.574842555105713,0.8200886590380246,0.5391437110553245
519,0.7596153846153846,0.5003607503607503,0.4833333333333334,0.7830658352737517,0.5116703997526142
520,0.7403846153846154,0.5852548036758562,0.5619047619047619,0.7941082247254966,0.5702256124103913
521,0.7019230769230769,0.5981146304675716,0.5399877899877901,0.8152891450433559,0.49183308435882156
522,0.6634615384615384,0.4919467787114846,0.48695054945054944,0.8406693646450829,0.41006865182221036
523,0.7211538461538461,0.5236607142857144,0.514342074727315,0.7729426685446905,0.45250306625673126
524,0.7115384615384616,0.6315934065934066,0.5554251012145749,0.7826638903994438,0.5000833438584178
525,0.7403846153846154,0.5917808219178082,0.5391067538126362,0.8642461086211461,0.5269142255731607
526,0.75,0.6022058823529413,0.5640494197370258,0.7910184495918913,0.5408638428433693
527,0.7019230769230769,0.5515713134568896,0.539519469759735,0.7560158076765532,0.39895625654283196
528,0.7884615384615384,0.6006944444444444,0.5863247863247864,0.7665578987434474,0.5405620045260803
529,0.7115384615384616,0.5601457000710732,0.5432479443390259,0.7995842525050884,0.4585722947760053
530,0.7788461538461539,0.6247519841269842,0.568584784010316,0.8151133794843737,0.5637613074210805
531,0.7788461538461539,0.6313859751359752,0.6030112044817927,0.8424674534199774,0.5698060389030972
532,0.7692307692307693,0.48456790123456794,0.4563589173155358,0.8548431166898491,0.45936742651659773
533,0.7980769230769231,0.5502136752136753,0.5585470085470086,0.7816137784200545,0.5548625671000538
534,0.6826923076923077,0.5791634835752483,0.537594696969697,0.7703026041795018,0.42713387286302906
535,0.6538461538461539,0.4792808219178082,0.4326797385620915,0.7676438814786932,0.2869461906055826
536,0.7211538461538461,0.5917832167832168,0.5444079290558164,0.7598866166918276,0.4641020950122776
537,0.7403846153846154,0.5004217273954116,0.4866251198465964,0.7502389678516928,0.4287829970443427
538,0.6923076923076923,0.5475225225225225,0.5199255735079372,0.8042178977225375,0.38793697683142
539,0.7403846153846154,0.595063025210084,0.5807999174633743,0.8047252494747898,0.5197054050456571
540,0.7019230769230769,0.521210407239819,0.4889660119411802,0.7279274154028833,0.4162528540088832
541,0.6826923076923077,0.5560606060606061,0.5119802677942213,0.7888454964445504,0.4385856228875869
542,0.7596153846153846,0.5971763777267509,0.5577094474153298,0.8214429205410297,0.563892535751137
543,0.7019230769230769,0.5447651663405089,0.5018939393939394,0.7919292866816119,0.3885657745657675
544,0.7115384615384616,0.5022193768672643,0.48533900152605186,0.807588208077879,0.4385269840340387
545,0.7692307692307693,0.5620915032679739,0.5575563558756836,0.7836369144319102,0.5049125776164332
546,0.75,0.5873263888888889,0.5339070686643993,0.8449832559618743,0.5589902635870074
547,0.7307692307692307,0.5702359415045982,0.5478720908408409,0.7975007298750971,0.5295694809000497
548,0.7019230769230769,0.5901408450704225,0.5422415822933836,0.7911870645925208,0.43528588635266424
549,0.7115384615384616,0.5981770833333333,0.5647835221044939,0.8028294353900851,0.4729326698945821
550,0.7788461538461539,0.5245253164556962,0.48538961038961037,0.7919673101667077,0.4872816571119174
551,0.7115384615384616,0.5481227106227107,0.5267105157616107,0.8158244197349005,0.45266102153144716
552,0.7307692307692307,0.5422730422730423,0.5346695557963164,0.7699089291585111,0.464456122939961
553,0.6826923076923077,0.5857142857142856,0.5350443731190493,0.7585804127869249,0.46276561527504645
554,0.6923076923076923,0.5570913461538461,0.5156288156288157,0.7828056758946182,0.46307094848289326
555,0.6538461538461539,0.5551470588235294,0.48323387325944867,0.7108112296926484,0.33439057414809187
556,0.7307692307692307,0.573238416988417,0.5542697746354397,0.7231631429239354,0.43282679038060967
557,0.7115384615384616,0.5563584790977241,0.555976430976431,0.8072708764542458,0.4755964076271379
558,0.7115384615384616,0.49230769230769234,0.4826530612244898,0.8298136901354594,0.38649814493796636
559,0.6826923076923077,0.5137362637362638,0.5013326226012793,0.8168142562050154,0.41953132367090024
560,0.6538461538461539,0.4814740836912014,0.48206393555644256,0.7886538129097433,0.3981961068060176
561,0.8076923076923077,0.6392931392931394,0.5937762237762237,0.8337300616102459,0.6122684141131298
562,0.625,0.5065249330222107,0.511090310869072,0.7810450248517322,0.4033880119663333
563,0.7211538461538461,0.5200655200655201,0.4807145201882044,0.6872518252178152,0.40267712995068544
564,0.7307692307692307,0.583630421865716,0.5596447112264763,0.7833843187479248,0.49681261144851957
565,0.7692307692307693,0.573051948051948,0.5403179458657767,0.7847652457748308,0.527394432307708
566,0.7692307692307693,0.5421214788732394,0.5362771366484524,0.771715642440258,0.5445660874520811
567,0.7403846153846154,0.546288145539906,0.5410798122065728,0.7411279822103459,0.4801509913184533
568,0.8076923076923077,0.5993589743589743,0.5951453609681457,0.7694038290578469,0.5202437026975445
569,0.7596153846153846,0.5486263736263737,0.5253571428571429,0.7884535477644286,0.529321732642273
570,0.7692307692307693,0.6469017094017093,0.5606195528609321,0.800016573754142,0.5368219812040591
571,0.7115384615384616,0.4703015734265734,0.4839409722222222,0.8521843890609716,0.49282717303217205
572,0.6923076923076923,0.5266424751718869,0.5067905330679053,0.7783794294338222,0.41274043515539677
573,0.7115384615384616,0.5229166666666667,0.5123128447596532,0.7176410211513029,0.42753517672858105
574,0.7019230769230769,0.5173141891891893,0.5088235294117647,0.7631960821413947,0.4196167852684875
575,0.7115384615384616,0.5660291438979963,0.5387813078266309,0.7843233686926704,0.5153254444239893
576,0.75,0.6002747252747253,0.5733690422733979,0.826819157621163,0.5570570375038311
577,0.6730769230769231,0.5098258706467662,0.48795986622073584,0.7371411582032427,0.3737509607480436
578,0.7115384615384616,0.5639925373134328,0.5295454545454545,0.795865923632835,0.47680498570304497
579,0.6826923076923077,0.5684663536776213,0.5325243420418393,0.7614611110653545,0.42548147409546566
580,0.6538461538461539,0.5487689393939394,0.5067873303167421,0.7761271793165097,0.3836814327294033
581,0.75,0.5365384615384615,0.5495962370962371,0.8158916659447284,0.4931497255363284
582,0.7596153846153846,0.585,0.527989352989353,0.806248639411355,0.48141322658866775
583,0.6923076923076923,0.5823986194995685,0.5549038702728225,0.7819594801248347,0.4800281181798747
584,0.6923076923076923,0.5529643449419569,0.506018981018981,0.7715780331340305,0.41145893358483626
585,0.7596153846153846,0.5487676056338029,0.5248871695680206,0.7907573075880551,0.5196630792386047
586,0.7692307692307693,0.5881895881895882,0.570795676058834,0.8191316495716965,0.5769267493493185
587,0.6826923076923077,0.5376233552631579,0.5110880398671096,0.8114700085950448,0.47183154057536253
588,0.7403846153846154,0.5556133056133056,0.4985356636750118,0.7221656221502257,0.45520709935578707
589,0.6730769230769231,0.4643322363910599,0.45070287678983334,0.7977898643222717,0.3867115057784706
590,0.6923076923076923,0.5679631441617743,0.530305184540885,0.7785423403055345,0.4520593897881117
591,0.6634615384615384,0.4634028294862249,0.4057017543859649,0.6848232386593989,0.23767794848567153
592,0.7788461538461539,0.6016144814090019,0.5789954337899543,0.8172182496746079,0.5340035266904327
593,0.7211538461538461,0.5669465174129353,0.5533088235294118,0.7469828036669821,0.5112637205710244
594,0.6634615384615384,0.46726891856506936,0.463750187434398,0.8029477300364236,0.3956487031176955
595,0.7115384615384616,0.5185981781376519,0.45524647887323944,0.7627667619272744,0.43436535327652653
596,0.7788461538461539,0.5874930958298812,0.5808213644138452,0.7801581798117663,0.5706056215962665
597,0.7307692307692307,0.5854166666666667,0.5185185185185185,0.7663229399116106,0.503825246908678
598,0.6538461538461539,0.4932692307692308,0.47081556503198296,0.7340245161702046,0.36097805793696813
599,0.6826923076923077,0.4701858108108108,0.44895702962035877,0.7579871719057574,0.37280680043748565
