epoch,loss,reconstruction,kl
1,0.07147592181960742,0.06965429137150446,2.802507735292117
2,0.03477009187142054,0.03241988184551398,2.937762975692749
3,0.01922296651949485,0.017276601617534956,2.0488051573435464
4,0.014562575394908588,0.012847149434189001,1.5594781239827473
5,0.012312988750636578,0.010891659495731195,1.1370633999506632
6,0.011420387650529544,0.009906944508353869,1.0810308933258057
7,0.010535087871054808,0.009043834637850523,0.9620988011360169
8,0.010163902180890243,0.008669653907418251,0.8789695819218953
9,0.009101483412086964,0.007632626903553804,0.7939764738082886
10,0.008776265879472096,0.007156499909857909,0.8098829468091329
11,0.008821185367802778,0.007267276352892319,0.7227483590443929
12,0.008769436180591584,0.00702771187449495,0.7572714169820149
13,0.008840762823820115,0.007175117482741674,0.6798552393913269
14,0.008224866880724827,0.006465735410650571,0.676589020093282
15,0.008139557391405105,0.006391524864981572,0.6356482227643331
16,0.008110568486154079,0.00631268098950386,0.6199612498283387
17,0.008210167350868384,0.006529997972150644,0.560056467851003
18,0.007772693503648042,0.006126760349919398,0.5486443956693013
