regime,model,val_accuracy,val_balanced_accuracy,val_macro_precision,val_macro_recall,val_macro_f1,val_macro_auc,val_MCC,val_log_loss,test_accuracy,test_balanced_accuracy,test_macro_precision,test_macro_recall,test_macro_f1,test_macro_auc,test_MCC,test_log_loss
Expert-only,Logistic regression,0.6893203883495146,0.7023809523809523,0.5820203081232493,0.7023809523809523,0.6120491768767631,0.9159880955788109,0.5346129501834692,0.7591775836096751,0.6826923076923077,0.5851648351648352,0.5412109820004557,0.5851648351648352,0.5567858067858068,0.832637232489124,0.44333864152506547,1.1212304769245645
Expert-only,RBF-SVM,0.7961165048543689,0.6451216356107661,0.6731220657276995,0.6451216356107661,0.6217032967032967,0.8758980501136016,0.5974794533614808,0.5995317627006957,0.7307692307692307,0.5164835164835165,0.4738390092879257,0.5164835164835165,0.48881278538812784,0.8057919226984394,0.43810981880569483,0.7050860166411265
Expert-only,Extra Trees,0.8155339805825242,0.7352484472049688,0.7357397504456328,0.7352484472049688,0.7218352450469239,0.9092499491613444,0.6470685410724931,0.581238697166906,0.7115384615384616,0.5093406593406594,0.4743550368550369,0.5093406593406594,0.4882854406130268,0.7982068335172781,0.408556911031364,0.7396351513327108
Expert-only,Random Forest,0.7864077669902912,0.654891304347826,0.7737676056338028,0.654891304347826,0.6489010989010989,0.8953542574317275,0.5779241995654107,0.5821284359726674,0.7019230769230769,0.4758241758241758,0.430843653250774,0.4758241758241758,0.44788812785388127,0.8068184754737211,0.3764264869160844,0.7203316586148522
Expert-only,Deep latent MLP,0.7572815533980582,0.588768115942029,0.5002566003307294,0.588768115942029,0.5338923024406895,0.7913457132703262,0.5203294016523897,0.7333690913265674,0.6923076923076923,0.4879120879120879,0.4414705882352941,0.4879120879120879,0.45905172413793105,0.6799880415982249,0.36259552511606924,0.9567937721610696
QA-724,Logistic regression,0.7281553398058253,0.7311076604554866,0.6083333333333334,0.7311076604554866,0.6450785636593468,0.9196168629266468,0.5796142552744624,0.7574806315561302,0.6826923076923077,0.5851648351648352,0.5412109820004557,0.5851648351648352,0.5567858067858068,0.8319876888309972,0.44333864152506547,1.1420427055603382
QA-724,RBF-SVM,0.7864077669902912,0.6121894409937888,0.7378787878787879,0.6121894409937888,0.611925673461362,0.8912349860802138,0.5607476529593017,0.576486837033456,0.7115384615384616,0.478021978021978,0.48199023199023194,0.478021978021978,0.47484440962701835,0.8203819716951218,0.38557216216631585,0.7104174855737503
QA-724,Extra Trees,0.7864077669902912,0.7243788819875776,0.7254329004329004,0.7243788819875776,0.7078144078144079,0.9024543908382544,0.5986254357313319,0.586547403940537,0.7019230769230769,0.5057692307692307,0.46258515859643984,0.5057692307692307,0.4793006993006993,0.8005868218899426,0.39503512029190596,0.7300857528548674
QA-724,Random Forest,0.7864077669902912,0.654891304347826,0.7737676056338028,0.654891304347826,0.6489010989010989,0.9004053786181241,0.5779241995654107,0.581456547858547,0.7211538461538461,0.5115384615384615,0.4747253938430409,0.5115384615384615,0.48819444444444443,0.7974469550523803,0.42854069884628376,0.7268807990153097
QA-724,Deep latent MLP,0.8349514563106796,0.6889233954451346,0.5788043478260869,0.6889233954451346,0.6246376811594203,0.8742829987818501,0.6828778387844516,0.5877653808201251,0.75,0.5664835164835165,0.5090277777777779,0.5664835164835165,0.5353326857697911,0.785262118837246,0.4972674517445075,0.7360897436122991
GenAI-augmented,Logistic regression,0.7378640776699029,0.7325957556935818,0.6124932414796032,0.7325957556935818,0.6518712876564472,0.8811125363944581,0.5825750084658703,0.761441546968576,0.7115384615384616,0.5807692307692308,0.5267543859649122,0.5807692307692308,0.5471063419339282,0.7755786420589099,0.4941143810340653,1.0479597594052863
GenAI-augmented,RBF-SVM,0.7766990291262136,0.6805771221532091,0.599709960384833,0.6805771221532091,0.6220737913486005,0.8650424859902012,0.6001068755191923,0.6075583305064289,0.7019230769230769,0.5357142857142857,0.4850427350427351,0.5357142857142857,0.5044758943003724,0.7509170331749284,0.43934588242065653,0.8382191026555893
GenAI-augmented,Extra Trees,0.7864077669902912,0.7109860248447205,0.6561498397435898,0.7109860248447205,0.674702380952381,0.9027505799188401,0.6085087620924655,0.6145311429370686,0.6923076923076923,0.5008241758241758,0.49415279556124625,0.5008241758241758,0.4950101317122594,0.794494066664263,0.3896587473660168,0.7389706221815577
GenAI-augmented,Random Forest,0.7766990291262136,0.651268115942029,0.6395256916996048,0.651268115942029,0.630691192865106,0.8869963186101562,0.5671885189013723,0.6298877604177346,0.7019230769230769,0.4914835164835165,0.4557498675145734,0.4914835164835165,0.46660628019323674,0.7693852547627562,0.3901689769202477,0.7553414049958924
GenAI-augmented,Deep latent MLP,0.7669902912621359,0.6312758799171843,0.5814616755793226,0.6312758799171843,0.5981039394832498,0.8484261594400403,0.5610174719703979,0.7006035555603798,0.6826923076923077,0.49725274725274726,0.48677536231884055,0.49725274725274726,0.4904241442011226,0.7684247130601565,0.383877065025945,0.9437377344546031
