confidence_threshold,coverage,referral_rate,retained_accuracy,retained_n,error_capture_rate
0.3,0.8846153846153846,0.11538461538461542,0.75,92,0.20689655172413793
0.35,0.8846153846153846,0.11538461538461542,0.75,92,0.20689655172413793
0.4,0.8846153846153846,0.11538461538461542,0.75,92,0.20689655172413793
0.45,0.8846153846153846,0.11538461538461542,0.75,92,0.20689655172413793
0.5,0.875,0.125,0.7472527472527473,91,0.20689655172413793
0.55,0.8557692307692307,0.14423076923076927,0.7528089887640449,89,0.2413793103448276
0.6000000000000001,0.8269230769230769,0.17307692307692313,0.7558139534883721,86,0.27586206896551724
0.6500000000000001,0.7692307692307693,0.23076923076923073,0.7875,80,0.41379310344827586
0.7000000000000001,0.7019230769230769,0.29807692307692313,0.7945205479452054,73,0.4827586206896552
0.75,0.6153846153846154,0.3846153846153846,0.828125,64,0.6206896551724138
0.8,0.5673076923076923,0.4326923076923077,0.847457627118644,59,0.6896551724137931
0.8500000000000001,0.47115384615384615,0.5288461538461539,0.8367346938775511,49,0.7241379310344828
0.9,0.3076923076923077,0.6923076923076923,0.875,32,0.8620689655172413
