model,f_AOM,f_ASOM,f_CSOM,n_synth,val_accuracy,val_balanced_accuracy,val_macro_precision,val_macro_recall,val_macro_f1,val_macro_auc,val_MCC,val_log_loss,test_accuracy,test_balanced_accuracy,test_macro_precision,test_macro_recall,test_macro_f1,test_macro_auc,test_MCC,test_log_loss
Logistic,0.0,0.0,0.0,0,0.6990291262135923,0.7076863354037268,0.5726950354609929,0.7076863354037268,0.6064655172413793,0.8700677124050414,0.5564010450387282,0.8624408857604914,0.6538461538461539,0.6535714285714286,0.5425610269360269,0.6535714285714286,0.5693875842530979,0.7871564456726792,0.47576117758518854,1.0394302938503381
ExtraTrees,0.0,0.0,0.0,0,0.7961165048543689,0.7280020703933747,0.7369307309605816,0.7280020703933747,0.7152295961119491,0.9054127767740701,0.6129542526568287,0.5862295658370646,0.7019230769230769,0.5057692307692307,0.46258515859643984,0.5057692307692307,0.4793006993006993,0.8032480066387562,0.39503512029190596,0.7247586964167849
Logistic,0.1,0.1,0.1,19,0.6990291262135923,0.6942934782608696,0.5583852711512286,0.6942934782608696,0.5910130140321367,0.8597736566685124,0.5565982184686915,0.8635831390194108,0.625,0.5821428571428571,0.4997222222222222,0.5821428571428571,0.5204230333899265,0.7694189437909408,0.411990482352287,1.063130259180067
ExtraTrees,0.1,0.1,0.1,19,0.7669902912621359,0.7037396480331263,0.6672735760971055,0.7037396480331263,0.6688792390405295,0.8995655148804022,0.5766073170550843,0.5992781623590557,0.7019230769230769,0.537912087912088,0.5209150326797386,0.537912087912088,0.5221830985915493,0.7870745049682167,0.40238003688188606,0.7614624552378899
Logistic,0.25,0.25,0.25,49,0.6990291262135923,0.6800595238095238,0.5570833333333333,0.6800595238095238,0.5882478632478633,0.8598912164196386,0.5493181499176675,0.8384858438782751,0.6153846153846154,0.5464285714285715,0.4755555555555555,0.5464285714285715,0.491408188585608,0.756380298108385,0.39514918640555985,1.0655460166558446
ExtraTrees,0.25,0.25,0.25,49,0.7766990291262136,0.7073628364389234,0.6760416666666667,0.7073628364389234,0.6759109311740891,0.9001930898009658,0.5896400402702543,0.6028451318261134,0.7019230769230769,0.5057692307692307,0.4827054794520548,0.5057692307692307,0.48953058435817054,0.7842477158414557,0.39601509497819737,0.7634612640671322
Logistic,0.5,0.5,0.5,98,0.6990291262135923,0.6800595238095238,0.5495086923658352,0.6800595238095238,0.5828636043090242,0.8571379131992546,0.5428869785416205,0.8150211221261879,0.6057692307692307,0.5428571428571428,0.47176434676434675,0.5428571428571428,0.4861480075901329,0.744953980494168,0.38626983745435045,1.0694217839310904
ExtraTrees,0.5,0.5,0.5,98,0.7766990291262136,0.7207556935817805,0.6711309523809523,0.7207556935817805,0.6867167919799498,0.89633038489491,0.5899612586771422,0.6167961743207595,0.7019230769230769,0.5200549450549451,0.5011363636363637,0.5200549450549451,0.506896551724138,0.7893186514728707,0.4150293594008126,0.7551898280914696
Logistic,0.75,0.75,0.75,149,0.7087378640776699,0.683682712215321,0.5548366013071895,0.683682712215321,0.5919117647058824,0.8558444238429654,0.5454728865519042,0.8050718553978617,0.625,0.55,0.4827149321266968,0.55,0.4995586380832282,0.7357620219237982,0.3966872447733907,1.0760605536915862
ExtraTrees,0.75,0.75,0.75,149,0.7669902912621359,0.7037396480331263,0.6672735760971055,0.7037396480331263,0.6688792390405295,0.8882339929231307,0.5766073170550843,0.6412560251633092,0.7115384615384616,0.5414835164835166,0.5240002104128036,0.5414835164835166,0.5247984670278842,0.7863021926475301,0.4292154474596161,0.749037813959659
Logistic,1.0,1.0,1.0,198,0.7281553398058253,0.6909290890269152,0.569023569023569,0.6909290890269152,0.6091543121313566,0.8524886352904324,0.5591402269068129,0.7945114077069934,0.6442307692307693,0.5428571428571428,0.4884978991596639,0.5428571428571428,0.5061157796451914,0.7328269420580612,0.40175222595671195,1.0771021583197231
ExtraTrees,1.0,1.0,1.0,198,0.7572815533980582,0.7135093167701863,0.6522657450076804,0.7135093167701863,0.6727735368956743,0.889358528201504,0.5640477437383703,0.6362661822846799,0.7115384615384616,0.5414835164835166,0.5240002104128036,0.5414835164835166,0.5247984670278842,0.7828487618231985,0.4292154474596161,0.7543595545359293
Logistic,0.0,0.0,0.25,21,0.6796116504854369,0.6870471014492754,0.5513888888888888,0.6870471014492754,0.5802631578947369,0.8544848763323735,0.5383148314765712,0.8621287203830371,0.6153846153846154,0.5464285714285715,0.4755555555555555,0.5464285714285715,0.491408188585608,0.7608559942206208,0.39514918640555985,1.0723445077896143
ExtraTrees,0.0,0.0,0.25,21,0.7864077669902912,0.7109860248447205,0.7140224358974359,0.7109860248447205,0.6876865671641791,0.8987496287653506,0.6032031964980373,0.598832170747499,0.7115384615384616,0.5236263736263737,0.48802361853832443,0.5236263736263737,0.5007042253521128,0.7899076712162731,0.42096774093744216,0.7443495159676691
Logistic,0.0,0.0,0.5,42,0.6893203883495146,0.6906702898550725,0.5514867566216892,0.6906702898550725,0.5818728232782834,0.8500796324534453,0.5479127440533882,0.8583532576121878,0.6153846153846154,0.5607142857142857,0.47817460317460314,0.5607142857142857,0.4959041051511085,0.7501989018222632,0.4024655313172604,1.0803056361287602
ExtraTrees,0.0,0.0,0.5,42,0.7669902912621359,0.6895056935817805,0.64375,0.6895056935817805,0.6556002074150895,0.8926382893424255,0.5715696143548215,0.6127660347733153,0.6923076923076923,0.5021978021978022,0.4736536868268434,0.5021978021978022,0.4819148936170213,0.7776549763645673,0.3898281417309511,0.7735012287911837
Logistic,0.0,0.0,1.0,85,0.6990291262135923,0.6666666666666666,0.5263605442176871,0.6666666666666666,0.5615819209039549,0.8432810016298785,0.5433815567278162,0.8653968762397434,0.6057692307692307,0.5571428571428572,0.4744543650793651,0.5571428571428572,0.49054909005701786,0.7400517790637676,0.39373489464270484,1.0995893609437326
ExtraTrees,0.0,0.0,1.0,85,0.7669902912621359,0.6895056935817805,0.64375,0.6895056935817805,0.6556002074150895,0.8908534642415002,0.5715696143548215,0.6194317336155163,0.6923076923076923,0.5343406593406593,0.5152602707749766,0.5343406593406593,0.5167184265010352,0.7583200650479187,0.3978520797721428,0.8073890155600153
Logistic,0.25,0.0,0.5,55,0.7087378640776699,0.6979166666666666,0.5608796296296297,0.6979166666666666,0.5950906816760475,0.8560096300139213,0.5662012532007965,0.8430438762238004,0.6057692307692307,0.5428571428571428,0.47484126984126984,0.5428571428571428,0.48871211015423544,0.7486816282461661,0.38663343070730716,1.0830574843603311
ExtraTrees,0.25,0.0,0.5,55,0.7766990291262136,0.7207556935817805,0.6642628205128205,0.7207556935817805,0.6836744639376218,0.9063948052663984,0.5904203342438294,0.5946831956328007,0.6923076923076923,0.5021978021978022,0.48468309859154923,0.5021978021978022,0.4888114453411592,0.7910245104162164,0.3902053617220066,0.7544532812766154
Logistic,0.0,0.25,0.5,57,0.6893203883495146,0.6906702898550725,0.5514867566216892,0.6906702898550725,0.5818728232782834,0.8495815711061991,0.5479127440533882,0.8498368812355126,0.625,0.5642857142857143,0.4820940170940171,0.5642857142857143,0.5013440860215054,0.7486092742267814,0.41136415118767067,1.073547130567285
ExtraTrees,0.0,0.25,0.5,57,0.7669902912621359,0.6895056935817805,0.6604166666666667,0.6895056935817805,0.6592442645074225,0.8948309706253068,0.571478280656667,0.6191632446950842,0.6826923076923077,0.49862637362637363,0.47289915966386553,0.49862637362637363,0.4797619047619047,0.7733582397761154,0.37777868023322636,0.7732001320248424
Logistic,0.25,0.25,0.5,70,0.7087378640776699,0.6979166666666666,0.5608796296296297,0.6979166666666666,0.5950906816760475,0.8557655060614064,0.5662012532007965,0.8335981127672001,0.6057692307692307,0.5428571428571428,0.47484126984126984,0.5428571428571428,0.48871211015423544,0.747038938188586,0.38663343070730716,1.0756658521160587
ExtraTrees,0.25,0.25,0.5,70,0.7864077669902912,0.7109860248447205,0.7140224358974359,0.7109860248447205,0.6876865671641791,0.8966589593112531,0.6032031964980373,0.6109483245412416,0.6826923076923077,0.49862637362637363,0.47289915966386553,0.49862637362637363,0.4797619047619047,0.7847776996888347,0.37777868023322636,0.766276751688253
