Model,Accuracy,Balanced accuracy,Macro F1,Macro AUC,MCC
Logistic regression,0.7115384615384616,0.5807692307692308,0.5471063419339282,0.7755786420589099,0.4941143810340653
RBF-SVM,0.7019230769230769,0.5357142857142857,0.5044758943003724,0.7509170331749284,0.4393458824206565
Extra Trees,0.6923076923076923,0.5008241758241758,0.4950101317122594,0.794494066664263,0.3896587473660168
Random Forest,0.7019230769230769,0.4914835164835165,0.4666062801932367,0.7693852547627562,0.3901689769202477
Deep latent MLP,0.6826923076923077,0.4972527472527472,0.4904241442011226,0.7684247130601565,0.383877065025945
GenAI latent ensemble,0.7211538461538461,0.5557692307692308,0.5319657689403473,0.7848849481027491,0.46870276410476924
ROI expert branch,0.7884615384615384,0.6879120879120879,0.677296547734504,0.8620452201905997,0.5976523459788102
ROI QA branch,0.7980769230769231,0.6615384615384615,0.6691081767694671,0.8733530594775173,0.603174275130033
Dual-view ROI fusion,0.7884615384615384,0.6879120879120879,0.6820709889795334,0.8695829775615893,0.5982008049498534
